TIPOLOGIA,DENOMINAZIONE,SETTORE COMPETENTE,RECINTATO,WC,CUSTODITO,SUPERFICIE MQ
aiuola,,Infrastrutture - Verde Pubblico,0,0,0,54
aiuola,,Infrastrutture - Verde Pubblico,0,0,0,87
aiuola,,Infrastrutture - Verde Pubblico,0,0,0,119
area cani,Campo Marzo,Partecipazione,1,0,0,1712
area cani,Campo Parco Ippodromo,Partecipazione,1,0,0,933
area cani,Parco del Retrone,Partecipazione,1,0,0,349
area cani,Parco Fornaci,Partecipazione,1,0,0,1589
area cani,Verde attrezzato di via P. Piovesan,Partecipazione,1,0,0,956
area naturalistica,Bosco delle Maddalene,Infrastrutture - Verde Pubblico,0,0,0,29458
area naturalistica,Bosco del quarelo,Infrastrutture - Verde Pubblico,0,0,0,93038
area naturalistica,Bosco di Carpaneda,Infrastrutture - Verde Pubblico,1,0,0,48032
area naturalistica,Parco Astichello,Infrastrutture - Verde Pubblico,0,0,0,31312
area naturalistica,Parco Astichello,Infrastrutture - Verde Pubblico,0,0,0,31897
area naturalistica,Parco di Villa Guiccioli,Cultura,1,1,1,68623
area naturalistica,Parco villa Bedin Aldighieri,Infrastrutture - Verde Pubblico,1,1,1,150054
area naturalistica,Parco villa Rota Barbieri,Infrastrutture - Verde Pubblico,1,0,0,42805
oasi naturalistica,Oasi di Casale,Infrastrutture - Verde Pubblico,1,1,1,297766
oasi naturalistica,Oasi Valletta del Silenzio,Partecipazione,1,0,1,42903
parco giochi,Parco di via Cavalieri di Vittorio Veneto,Infrastrutture - Verde Pubblico,0,0,0,2922
parco giochi,Parco di via Giuriato,Infrastrutture - Verde Pubblico,1,1,1,6213
parco giochi,Parco di via Mameli,Infrastrutture - Verde Pubblico,1,1,1,4442
parco giochi,Parco di Villa Lattes,Infrastrutture - Verde Pubblico,1,0,1,3895
parco giochi,Parco giochi borghetto di Saviabona,Infrastrutture - Verde Pubblico,1,0,1,832
parco giochi,Parco giochi del Villaggio del Sole,Infrastrutture - Verde Pubblico,0,0,0,14042
parco giochi,Parco giochi di Longara Villaggio Aurora,Infrastrutture - Verde Pubblico,0,0,1,1675
parco giochi,Parco giochi di Parco citta,Infrastrutture - Verde Pubblico,1,1,1,330
parco giochi,Parco giochi di San Marco,Infrastrutture - Verde Pubblico,1,1,1,1412
parco giochi,Parco giochi di San Pietro Intrigogna,Infrastrutture - Verde Pubblico,1,1,1,265
parco giochi,Parco giochi di San Pietro Intrigogna,Infrastrutture - Verde Pubblico,0,0,1,475
parco giochi,Parco giochi di Saviabona,Infrastrutture - Verde Pubblico,1,0,1,592
parco giochi,Parco giochi di strada dei Pizzolati,Infrastrutture - Verde Pubblico,0,0,0,2839
parco giochi,Parco giochi di via Adenauer,Infrastrutture - Verde Pubblico,1,1,1,10683
parco giochi,Parco giochi di via Baracca,Infrastrutture - Verde Pubblico,1,1,1,5579
parco giochi,Parco giochi di via Bassano Arpalica Cuman Pertile,Infrastrutture - Verde Pubblico,1,1,1,4101
parco giochi,Parco giochi di via Brenta,Infrastrutture - Verde Pubblico,1,0,1,1040
parco giochi,Parco giochi di via Calvi,Infrastrutture - Verde Pubblico,1,0,1,873
parco giochi,Parco giochi di via Cereda,Infrastrutture - Verde Pubblico,1,0,1,3162
parco giochi,Parco giochi di Via Coltura Camisana,Infrastrutture - Verde Pubblico,1,1,1,1639
parco giochi,Parco giochi di Via Dall'Acqua,Infrastrutture - Verde Pubblico,0,0,0,541
parco giochi,Parco giochi di via da Palestrina,Infrastrutture - Verde Pubblico,1,1,1,1647
parco giochi,Parco giochi di via Fratelli Stuparich,Infrastrutture - Verde Pubblico,1,1,1,3673
parco giochi,Parco giochi di via Gagliardotti,Infrastrutture - Verde Pubblico,1,0,1,534
parco giochi,Parco giochi di via Generale Dalla Chiesa,Infrastrutture - Verde Pubblico,1,0,1,1698
parco giochi,Parco giochi di via Goito,Infrastrutture - Verde Pubblico,1,1,1,3285
parco giochi,Parco giochi di via Granezza,Infrastrutture - Verde Pubblico,0,0,1,2441
parco giochi,Parco giochi di via Imperiali,Infrastrutture - Verde Pubblico,1,0,1,1335
parco giochi,Parco giochi di via Ischia,Infrastrutture - Verde Pubblico,1,0,1,1624
parco giochi,Parco giochi di viale Fiume,Infrastrutture - Verde Pubblico,1,1,1,5588
parco giochi,Parco giochi di viale Ippodromo,Infrastrutture - Verde Pubblico,1,1,1,8480
parco giochi,Parco giochi di viale Trieste Hermann Gmeiner,Infrastrutture - Verde Pubblico,1,0,1,2715
parco giochi,Parco giochi di viale X Giugno,Infrastrutture - Verde Pubblico,1,0,1,471
parco giochi,Parco giochi di via Macchiavelli,Infrastrutture - Verde Pubblico,1,1,1,1695
parco giochi,Parco giochi di via Mainardi,Infrastrutture - Verde Pubblico,1,1,1,2112
parco giochi,Parco giochi di via Orlando Gramsci,Infrastrutture - Verde Pubblico,0,0,1,2628
parco giochi,Parco giochi di via Paradiso/Parrocchia Setteca,Infrastrutture - Verde Pubblico,0,0,1,1260
parco giochi,Parco giochi di via Piovene,Infrastrutture - Verde Pubblico,1,0,1,3515
parco giochi,Parco giochi di via Pittarini/Viale della Pace,Infrastrutture - Verde Pubblico,1,0,1,2221
parco giochi,Parco Giochi di Via P. Piovesan,Infrastrutture - Verde Pubblico,0,0,1,1562
parco giochi,Parco giochi di via Riello,Infrastrutture - Verde Pubblico,1,1,1,5068
parco giochi,Parco giochi di via Rossini,Infrastrutture - Verde Pubblico,1,1,1,4385
parco giochi,Parco giochi di via Ruspoli,Infrastrutture - Verde Pubblico,1,1,1,3716
parco giochi,Parco giochi di via Santa Bertilla,Infrastrutture - Verde Pubblico,1,1,1,1344
parco giochi,Parco giochi di via Scaramuzza,Infrastrutture - Verde Pubblico,1,0,1,3457
parco giochi,Parco giochi di via Sicilia,Infrastrutture - Verde Pubblico,1,0,1,2478
parco giochi,Parco giochi di via Smereglo,Infrastrutture - Verde Pubblico,0,0,1,1121
parco giochi,Parco giochi di via Spinelli,Infrastrutture - Verde Pubblico,1,0,1,321
parco giochi,Parco giochi di via Toti,Infrastrutture - Verde Pubblico,1,0,1,3861
parco giochi,Parco giochi di Villa Tacchi,Infrastrutture - Verde Pubblico,1,0,1,316
parco giochi,Parco giochi in nuova piazza di Bertesina,Infrastrutture - Verde Pubblico,0,0,0,8336
parco giochi,Parco giochi in via Istria,Infrastrutture - Verde Pubblico,1,1,1,3701
parco giochi,Parco giochi Strada di Bertesina,Infrastrutture - Verde Pubblico,1,0,1,874
parco giochi,Parco giochi via Cimitero di Polegge,Infrastrutture - Verde Pubblico,0,0,1,990
parco giochi,Parco giochi Via Europoa/Marcello Mantovani,Infrastrutture - Verde Pubblico,0,0,1,11371
parco giochi,Parco giochi via Lago d'Iseo,Infrastrutture - Verde Pubblico,1,1,1,5824
parco giochi,Parco gioco di via Dieci Martiri,Infrastrutture - Verde Pubblico,1,1,1,530
parco giochi,,Infrastrutture - Verde Pubblico,1,1,1,1827
parco storico,Campo Marzo,Infrastrutture - Verde Pubblico,0,0,0,52940
parco storico,Campo Parco Ippodromo,Infrastrutture - Verde Pubblico,0,0,0,36328
parco storico,Giardino della Vittoria,Infrastrutture - Verde Pubblico,0,0,0,4952
parco storico,Giardino Salvi Valmarana,Infrastrutture - Verde Pubblico,1,0,0,13062
parco storico,Parco di Villa Tacchi,Partecipazione,1,1,1,11261
parco storico,Parco Querini,Infrastrutture - Verde Pubblico,1,1,1,107798
parco urbano,Parco Citta,Infrastrutture - Verde Pubblico,0,0,0,10602
parco urbano,Parco della Pace,Infrastrutture - Verde Pubblico,1,1,0,593152
parco urbano,Parco del Retrone,Infrastrutture - Verde Pubblico,0,0,0,61417
parco urbano,Parco Fornaci,Infrastrutture - Verde Pubblico,1,0,0,32465
verde attrezzato,Area verde di Piazza Pontelandolfo,Infrastrutture - Verde Pubblico,0,0,0,1241
verde attrezzato,Area Verde di Via Cavalieri di Vittorio Veneto,Infrastrutture - Verde Pubblico,0,0,0,5741
verde attrezzato,Area Verde di Via Cavalieri di Vittorio Veneto,Infrastrutture - Verde Pubblico,0,0,0,1271
verde attrezzato,Area Verde di Via Don Minzoni,Infrastrutture - Verde Pubblico,0,0,0,914
verde attrezzato,Area Verde di Via Fincato,Infrastrutture - Verde Pubblico,0,0,0,1199
verde attrezzato,Area verde di via Fratelli Bandiera,Infrastrutture - Verde Pubblico,0,0,0,2847
verde attrezzato,Area Verde di Via Giorgione,Infrastrutture - Verde Pubblico,0,0,0,4488
verde attrezzato,Area Verde di Via Giorgione,Infrastrutture - Verde Pubblico,0,0,0,2202
verde attrezzato,Area Verde di Via Giorgione,Infrastrutture - Verde Pubblico,0,0,0,1678
verde attrezzato,Area Verde di Via Giorgione,Infrastrutture - Verde Pubblico,0,0,0,3319
verde attrezzato,Area Verde di Via Giorgione,Infrastrutture - Verde Pubblico,0,0,0,993
verde attrezzato,Area Verde di Via Giorgione,Infrastrutture - Verde Pubblico,0,0,0,1184
verde attrezzato,Area Verde di Via Giorgione,Infrastrutture - Verde Pubblico,0,0,0,5777
verde attrezzato,Area Verde di Via Giorgione,Infrastrutture - Verde Pubblico,0,0,0,16004
verde attrezzato,Area Verde di Via G.M. Bertolo,Infrastrutture - Verde Pubblico,0,0,0,738
verde attrezzato,Area Verde di Via Laghi -Lugano,Infrastrutture - Verde Pubblico,0,0,0,5136
verde attrezzato,Area Verde di Via Lago di Braies,Infrastrutture - Verde Pubblico,0,0,0,975
verde attrezzato,Area Verde di Via Lago di Braies,Infrastrutture - Verde Pubblico,0,0,0,2102
verde attrezzato,Area Verde di Via Lago di Tovel,Infrastrutture - Verde Pubblico,0,0,0,407
verde attrezzato,Area Verde di Via Lago di Tovel,Infrastrutture - Verde Pubblico,0,0,0,199
verde attrezzato,Area Verde di Via Lago di Viverone,Infrastrutture - Verde Pubblico,0,0,0,1164
verde attrezzato,Area Verde di Via Lago di Viverone,Infrastrutture - Verde Pubblico,0,0,0,2977
verde attrezzato,Area Verde di Via Medici,Infrastrutture - Verde Pubblico,0,0,0,766
verde attrezzato,Area Verde di Via Monte Grappa - Castelfidardo,Infrastrutture - Verde Pubblico,0,0,0,665
verde attrezzato,Area verde di via Remondini,Infrastrutture - Verde Pubblico,0,0,0,2279
verde attrezzato,Area verde di via Remondini,Infrastrutture - Verde Pubblico,0,0,0,175
verde attrezzato,Area verde di via Rolle,Infrastrutture - Verde Pubblico,0,0,0,553
verde attrezzato,Area Verde Padre Uccelli,Infrastrutture - Verde Pubblico,0,0,0,2931
verde attrezzato,Area verde via Lago di Lugano - Marosticana,Infrastrutture - Verde Pubblico,0,0,0,1475
verde attrezzato,Area verde via Meldolesi,Infrastrutture - Verde Pubblico,0,0,0,3636
verde attrezzato,Area verde via Meldolesi,Infrastrutture - Verde Pubblico,0,0,0,3867
verde attrezzato,Aree Verde di Via Durando - Castelfidardo,Infrastrutture - Verde Pubblico,0,0,0,257
verde attrezzato,Aree Verde di Via Meldolesi,Infrastrutture - Verde Pubblico,0,0,0,3646
verde attrezzato,cimitero maggiore,Infrastrutture - Verde Pubblico,0,0,0,11
verde attrezzato,cimitero maggiore,Infrastrutture - Verde Pubblico,0,0,0,17
verde attrezzato,cimitero Polegge,Infrastrutture - Verde Pubblico,1,0,0,98
verde attrezzato,cimitero Polegge,Infrastrutture - Verde Pubblico,1,0,0,662
verde attrezzato,cimitero Polegge,Infrastrutture - Verde Pubblico,1,0,0,259
verde attrezzato,cimitero Polegge,Infrastrutture - Verde Pubblico,1,0,0,273
verde attrezzato,cimitero Polegge,Infrastrutture - Verde Pubblico,1,0,0,245
verde attrezzato,cimitero Polegge,Infrastrutture - Verde Pubblico,1,0,0,279
verde attrezzato,Giardino scolastico non comunale,Infrastrutture - Verde Pubblico,0,0,0,29
verde attrezzato,Verde attrezzato di contra delle Barche,Infrastrutture - Verde Pubblico,0,0,0,1219
verde attrezzato,Verde attrezzato di piazzale Natale Baragia,Infrastrutture - Verde Pubblico,0,0,0,2011
verde attrezzato,Verde attrezzato di strada dei Pizzolati,Infrastrutture - Verde Pubblico,0,0,0,635
verde attrezzato,Verde attrezzato di strada di Setteca,Infrastrutture - Verde Pubblico,0,0,0,39
verde attrezzato,Verde attrezzato di via Adige,Infrastrutture - Verde Pubblico,0,0,0,1373
verde attrezzato,Verde attrezzato di via Albinoni,Infrastrutture - Verde Pubblico,0,0,0,1830
verde attrezzato,Verde attrezzato di via Allende,Infrastrutture - Verde Pubblico,0,0,0,2376
verde attrezzato,Verde attrezzato di Via Bachelet,Infrastrutture - Verde Pubblico,0,0,0,13637
verde attrezzato,Verde attrezzato di via Baracca,Infrastrutture - Verde Pubblico,0,0,0,2369
verde attrezzato,Verde attrezzato di Via Baretti - Tommaseo,Infrastrutture - Verde Pubblico,0,0,0,1823
verde attrezzato,Verde attrezzato di via B. B. da Breganze,Infrastrutture - Verde Pubblico,0,0,0,2373
verde attrezzato,Verde attrezzato di via Breganze,Infrastrutture - Verde Pubblico,0,0,0,3876
verde attrezzato,Verde attrezzato di via Brigata G. di Sardegna,Infrastrutture - Verde Pubblico,0,0,0,616
verde attrezzato,Verde attrezzato di via Brigata Regina,Infrastrutture - Verde Pubblico,0,0,0,3670
verde attrezzato,Verde attrezzato di via Brigata Sassari,Infrastrutture - Verde Pubblico,0,0,0,317
verde attrezzato,Verde attrezzato di Via Btg. Morbegno,Infrastrutture - Verde Pubblico,0,0,0,1307
verde attrezzato,Verde attrezzato di via Buozzi,Infrastrutture - Verde Pubblico,0,0,0,341
verde attrezzato,Verde attrezzato di via Caminer,Infrastrutture - Verde Pubblico,0,0,0,1603
verde attrezzato,Verde attrezzato di via Cappelletti,Infrastrutture - Verde Pubblico,0,0,0,1517
verde attrezzato,Verde attrezzato di via Castelfidardo,Infrastrutture - Verde Pubblico,0,0,0,416
verde attrezzato,Verde attrezzato di via Cereda,Infrastrutture - Verde Pubblico,0,0,0,1419
verde attrezzato,Verde attrezzato di via Colombo,Infrastrutture - Verde Pubblico,0,0,0,1346
verde attrezzato,Verde attrezzato di via Dalla Chiesa,Infrastrutture - Verde Pubblico,0,0,0,4220
verde attrezzato,Verde attrezzato di via dall'Acqua,Infrastrutture - Verde Pubblico,0,0,0,6171
verde attrezzato,Verde attrezzato di via dei Camaldolesi,Infrastrutture - Verde Pubblico,0,0,0,946
verde attrezzato,Verde attrezzato di via Dei Laghi,Infrastrutture - Verde Pubblico,0,0,0,1005
verde attrezzato,Verde attrezzato di via della Fornaci,Infrastrutture - Verde Pubblico,0,0,0,20
verde attrezzato,Verde attrezzato di via della Fornaci,Infrastrutture - Verde Pubblico,0,0,0,10600
verde attrezzato,Verde attrezzato di via della Produttivita,Infrastrutture - Verde Pubblico,0,0,0,2190
verde attrezzato,Verde attrezzato di via dell'Opificio,Infrastrutture - Verde Pubblico,0,0,0,107
verde attrezzato,Verde attrezzato di via Faggin,Infrastrutture - Verde Pubblico,0,0,0,1533
verde attrezzato,Verde attrezzato di via Fasolo,Infrastrutture - Verde Pubblico,0,0,0,624
verde attrezzato,Verde attrezzato di via Gandhi,Infrastrutture - Verde Pubblico,0,0,0,1502
verde attrezzato,Verde attrezzato di Via Lago di Trasimeno - Matese,Infrastrutture - Verde Pubblico,0,0,0,7563
verde attrezzato,Verde attrezzato di via Lago di Varano,Infrastrutture - Verde Pubblico,0,0,0,4264
verde attrezzato,Verde attrezzato di viale Divisione Julia,Infrastrutture - Verde Pubblico,0,0,0,3420
verde attrezzato,Verde attrezzato di viale Fusinato,Infrastrutture - Verde Pubblico,0,0,0,1310
verde attrezzato,Verde attrezzato di viale Margherita,Infrastrutture - Verde Pubblico,0,0,0,3915
verde attrezzato,Verde attrezzato di viale Mazzini,Infrastrutture - Verde Pubblico,0,0,0,14878
verde attrezzato,Verde attrezzato di viale Riviera Berica,Infrastrutture - Verde Pubblico,0,0,0,809
verde attrezzato,Verde attrezzato di vialetto Elsi,Infrastrutture - Verde Pubblico,0,0,0,4893
verde attrezzato,Verde attrezzato di via Luzzatti,Infrastrutture - Verde Pubblico,0,0,0,1515
verde attrezzato,Verde attrezzato di via Mameli,Infrastrutture - Verde Pubblico,0,0,0,4098
verde attrezzato,Verde attrezzato di Via Marco Sasso,Infrastrutture - Verde Pubblico,0,0,0,2423
verde attrezzato,Verde attrezzato di via Mariani,Infrastrutture - Verde Pubblico,0,0,0,1003
verde attrezzato,Verde attrezzato di via Masotto,Infrastrutture - Verde Pubblico,0,0,0,5711
verde attrezzato,Verde attrezzato di via Meschinelli,Infrastrutture - Verde Pubblico,0,0,0,4441
verde attrezzato,Verde attrezzato di via Monterotondo,Infrastrutture - Verde Pubblico,0,0,0,1094
verde attrezzato,Verde attrezzato di via Monterotondo,Infrastrutture - Verde Pubblico,0,0,0,560
verde attrezzato,Verde attrezzato di via Noro,Infrastrutture - Verde Pubblico,0,0,0,955
verde attrezzato,Verde attrezzato di via Orlando,Infrastrutture - Verde Pubblico,0,0,0,3729
verde attrezzato,Verde attrezzato di via Periz,Infrastrutture - Verde Pubblico,0,0,0,5239
verde attrezzato,Verde attrezzato di via Piccoli,Infrastrutture - Verde Pubblico,0,0,0,1328
verde attrezzato,Verde attrezzato di via Pierluigi da Palestrina,Infrastrutture - Verde Pubblico,0,0,0,139
verde attrezzato,Verde attrezzato di via Piovesan - Porciglia,Infrastrutture - Verde Pubblico,0,0,0,633
verde attrezzato,Verde attrezzato di via Rossini,Infrastrutture - Verde Pubblico,0,0,0,9960
verde attrezzato,Verde attrezzato di via Salerno,Infrastrutture - Verde Pubblico,0,0,0,542
verde attrezzato,Verde attrezzato di via Satori,Infrastrutture - Verde Pubblico,0,0,0,2531
verde attrezzato,Verde attrezzato di via Schiavo,Infrastrutture - Verde Pubblico,0,0,0,1003
verde attrezzato,Verde attrezzato di via Tintoretto,Infrastrutture - Verde Pubblico,0,0,0,2425
verde attrezzato,Verde attrezzato di via Toniolo,Infrastrutture - Verde Pubblico,0,0,0,944
verde attrezzato,Verde attrezzato di via Toniolo,Infrastrutture - Verde Pubblico,0,0,0,1193
verde attrezzato,Verde attrezzato di via Verrazzazno,Infrastrutture - Verde Pubblico,0,0,0,142
verde attrezzato,Verde attrezzato via Dalla Chiesa,Infrastrutture - Verde Pubblico,0,0,0,9618
verde cimiteri,cimitero Acattolico,Infrastrutture - Verde Pubblico,1,0,0,9636
verde cimiteri,cimitero Bertesina,Infrastrutture - Verde Pubblico,1,0,0,2885
verde cimiteri,cimitero casale,Infrastrutture - Verde Pubblico,1,0,0,2260
verde cimiteri,cimitero Longara,Infrastrutture - Verde Pubblico,0,0,0,11763
verde cimiteri,cimitero Maddalene,Infrastrutture - Verde Pubblico,1,0,0,3122
verde cimiteri,cimitero Maggiore,Infrastrutture - Verde Pubblico,1,1,1,48379
verde cimiteri,cimitero Polegge,Infrastrutture - Verde Pubblico,1,0,0,463
verde cimiteri,cimitero Settecà,,1,0,0,179
verde orti urbani,Oasi Valletta del Silenzio,Partecipazione,1,0,1,997
verde orti urbani,Orti urbani dei Ferrovieri,Partecipazione,1,1,1,2495
verde orti urbani,Orti urbani di via Adige,Partecipazione,1,0,1,1223
verde scuole,elementare Da Feltre,Infrastrutture - Verde Pubblico,1,1,1,4806
verde scuole,elementare Da Feltre,Infrastrutture - Verde Pubblico,1,1,1,192
verde scuole,Giardino scolastico a gestione comunale,Infrastrutture - Verde Pubblico,1,1,1,361
verde scuole,Giardino scolastico a gestione comunale,Infrastrutture - Verde Pubblico,1,1,1,1010
verde scuole,Giardino scolastico a gestione comunale,Infrastrutture - Verde Pubblico,1,1,1,2495
verde scuole,Giardino scolastico a gestione comunale,Infrastrutture - Verde Pubblico,1,1,1,2363
verde scuole,Giardino scolastico a gestione comunale,Infrastrutture - Verde Pubblico,1,1,1,3699
verde scuole,Giardino scolastico a gestione comunale,Infrastrutture - Verde Pubblico,1,1,1,1692
verde scuole,Giardino scolastico a gestione comunale,Infrastrutture - Verde Pubblico,1,1,1,2586
verde scuole,Giardino scolastico a gestione comunale,Infrastrutture - Verde Pubblico,1,1,1,2080
verde scuole,Giardino scolastico a gestione comunale,Infrastrutture - Verde Pubblico,1,1,1,2938
verde scuole,Giardino scolastico a gestione comunale,Infrastrutture - Verde Pubblico,1,1,1,4270
verde scuole,Giardino scolastico a gestione comunale,Infrastrutture - Verde Pubblico,1,1,1,676
verde scuole,Giardino scolastico a gestione comunale,Infrastrutture - Verde Pubblico,1,1,1,1290
verde scuole,Giardino scolastico a gestione comunale,Infrastrutture - Verde Pubblico,1,1,1,507
verde scuole,Giardino scolastico a gestione comunale,Infrastrutture - Verde Pubblico,1,1,1,925
verde scuole,Giardino scolastico a gestione comunale,Infrastrutture - Verde Pubblico,1,1,1,2403
verde scuole,Giardino scolastico a gestione comunale,Infrastrutture - Verde Pubblico,1,1,1,8313
verde scuole,Giardino scolastico a gestione comunale,Infrastrutture - Verde Pubblico,1,1,1,6792
verde scuole,Giardino scolastico a gestione comunale,Infrastrutture - Verde Pubblico,1,1,1,608
verde scuole,Giardino scolastico a gestione comunale,Infrastrutture - Verde Pubblico,1,1,1,742
verde scuole,Giardino scolastico a gestione comunale,Infrastrutture - Verde Pubblico,1,1,1,1465
verde scuole,Giardino scolastico a gestione comunale,Infrastrutture - Verde Pubblico,1,1,1,2355
verde scuole,Giardino scolastico a gestione comunale,Infrastrutture - Verde Pubblico,1,1,1,4921
verde scuole,Giardino scolastico a gestione provinciale,Infrastrutture - Verde Pubblico,1,1,1,1331
verde scuole,Giardino scolastico comunale,Infrastrutture - Verde Pubblico,1,1,1,4308
verde scuole,Giardino scolastico non comunale,Infrastrutture - Verde Pubblico,1,1,1,2243
verde scuole,Giardino scolastico non comunale,Infrastrutture - Verde Pubblico,1,1,1,6809
verde scuole,Giardino scolastico non comunale,Infrastrutture - Verde Pubblico,1,1,1,3186
verde scuole,Giardino scolastico non comunale,Infrastrutture - Verde Pubblico,1,1,1,3567
verde scuole,Giardino scolastico non comunale,Infrastrutture - Verde Pubblico,1,1,1,2557
verde scuole,infanzia Burci,Infrastrutture - Verde Pubblico,1,1,1,607
verde scuole,infanzia Fogazzaro,Infrastrutture - Verde Pubblico,1,1,1,2372
verde scuole,infanzia Stalli,Infrastrutture - Verde Pubblico,1,1,1,993
verde scuole,magistrale fogazzaro,Infrastrutture - Verde Pubblico,1,1,1,944
verde scuole,Nido piarda,Infrastrutture - Verde Pubblico,1,1,1,1902
verde scuole,palestra piarda,Infrastrutture - Verde Pubblico,1,1,1,356
verde scuole,universita,,1,1,1,5991
verde sociale,Albergo cittadino,Infrastrutture - Verde Pubblico,1,1,1,251
verde sociale,Alpini Campedello,Infrastrutture - Verde Pubblico,1,1,1,318
verde sociale,centro civico Tecchio,Infrastrutture - Verde Pubblico,1,1,1,1834
verde sociale,centro diurno anziani,Infrastrutture - Verde Pubblico,1,1,1,1203
verde sociale,Circoscrizione 2,Infrastrutture - Verde Pubblico,1,1,1,369
verde sociale,Cooperativa sociale Tamgran,Infrastrutture - Verde Pubblico,1,1,1,2968
verde sociale,ex palazzo san Giovanni,Infrastrutture - Verde Pubblico,1,1,1,293
verde sociale,Ex scuola primariaFantoni - Debba,Infrastrutture - Verde Pubblico,1,1,1,1786
verde sociale,Ex scuola primaria Fogazzaro - Longara,Infrastrutture - Verde Pubblico,1,1,1,1451
verde sociale,sede alpini via Natta 7,Infrastrutture - Verde Pubblico,1,1,1,896
verde sociale,SERVIZIO SOCIALE ZONA 3,Infrastrutture - Verde Pubblico,1,1,1,777
verde sociale,Verde attrezzato di via Buozzi,Infrastrutture - Verde Pubblico,1,1,1,3383
verde sportivo,Campi da Calcio di San Lazzaro,Sport,1,1,1,26149
verde sportivo,Campo da calcio a 5 di Via Natta,Infrastrutture - Verde Pubblico,1,1,1,1850
verde sportivo,Campo da calcio ddi San Pio X,Infrastrutture - Verde Pubblico,1,1,1,9158
verde sportivo,Campo da calcio dei Ferrovieri,Infrastrutture - Verde Pubblico,1,1,1,10493
verde sportivo,Campo da calcio della Stanga,Infrastrutture - Verde Pubblico,1,1,1,8974
verde sportivo,Campo da calcio di Maddalene,Infrastrutture - Verde Pubblico,1,1,1,9160
verde sportivo,Campo da calcio di Via Cavalieri di V.V.,Infrastrutture - Verde Pubblico,1,1,1,12946
verde sportivo,Campo da calcio di Via Gagliardotti,Infrastrutture - Verde Pubblico,1,1,1,16469
verde sportivo,Campo da calcio di Via Istria,Infrastrutture - Verde Pubblico,1,1,1,4500
verde sportivo,Campo da calcio di Via Lago di alleghe,Infrastrutture - Verde Pubblico,1,1,1,12611
verde sportivo,Campo da calcio di Via Zanecchin,Infrastrutture - Verde Pubblico,1,1,1,10436
verde sportivo,Campo da calcio Riviera Berica,Infrastrutture - Verde Pubblico,1,1,1,15973
verde sportivo,Campo da Calcio Via Bellini,,1,1,1,7110
verde sportivo,Campo da Softball Laghetto,Infrastrutture - Verde Pubblico,1,1,1,5258
verde sportivo,Campo scuola di atletica leggera Guido Perraro,Sport,1,1,1,16834
verde sportivo,Centro polifunzionale di San Pio X,Infrastrutture - Verde Pubblico,1,1,1,3013
verde sportivo,Impianto Natatorio San Pio x,Sport,1,1,1,3489
verde sportivo,Impianto Sportivo di Tennis Piarda,Infrastrutture - Verde Pubblico,1,1,1,2852
verde sportivo,Impianto sportivo di tennis Vi aMonte zebio,Infrastrutture - Verde Pubblico,1,1,1,5563
verde sportivo,Impianto sportivo Tiro con l'Arco,Infrastrutture - Verde Pubblico,1,0,0,3710
verde sportivo,Oalazzetto dello sport Palalaghetto,Infrastrutture - Verde Pubblico,1,1,1,851
verde sportivo,Palazzetto Atletica Pesante,Infrastrutture - Verde Pubblico,1,1,1,681
verde sportivo,Palazzetto della scherma,Sport,1,1,1,897
verde sportivo,Palazzetto dello Sport di Via Goldoni,Infrastrutture - Verde Pubblico,1,1,1,709
verde sportivo,Palazzetto del Nuoto,Infrastrutture - Verde Pubblico,1,1,1,4919
verde sportivo,Pattinodromo comunale,Infrastrutture - Verde Pubblico,1,1,1,127
verde sportivo,Piastra Sportiva Polivalente Bike Polo,,1,0,0,10415
verde sportivo,Stadio Comunale del Baseball,Sport,1,1,1,16972
verde sportivo,Stadio comunale Romeo Menti,Sport,1,1,1,16506
verde sportivo,Stadio Rugby dei Ferrovieri,Infrastrutture - Verde Pubblico,1,1,1,18086
verde sportivo,Stadio Rugby di Via della Scola,Infrastrutture - Verde Pubblico,1,1,1,5399
verde sportivo,Stadio Rugby di Via Sant'Antonino,Infrastrutture - Verde Pubblico,1,1,1,35145
verde sportivo,Tensostruttura di San Francesco,Infrastrutture - Verde Pubblico,1,1,1,5622
verde sportivo,Verde attrezzato di vialetto Elsi,Sport,1,0,0,9137
verde uffici pubblici,biblioteca  Bertoliana,Infrastrutture - Verde Pubblico,1,1,1,436
verde uffici pubblici,Circoscrizione 2,Infrastrutture - Verde Pubblico,1,1,1,4870
verde uffici pubblici,Complesso San Biagio,Infrastrutture - Verde Pubblico,1,1,1,848
verde uffici pubblici,Ex biblioteca LA VIGNA,Infrastrutture - Verde Pubblico,1,0,0,3600
verde uffici pubblici,Ex cinema Arlecchino,Infrastrutture - Verde Pubblico,1,1,0,372
verde uffici pubblici,Ex guardia di finanza,Infrastrutture - Verde Pubblico,1,1,0,1581
verde uffici pubblici,ex tribunale,Infrastrutture - Verde Pubblico,1,1,1,776
verde uffici pubblici,La Rocchetta,Infrastrutture - Verde Pubblico,1,1,1,1690
verde uffici pubblici,Museo Santa Corona,Infrastrutture - Verde Pubblico,1,1,1,1250
verde uffici pubblici,Nuovo tribunale,Infrastrutture - Verde Pubblico,1,1,1,409
verde uffici pubblici,Poliambulatorio S.Rocco,Infrastrutture - Verde Pubblico,1,0,0,261
verde uffici pubblici,San Lorenzo,Infrastrutture - Verde Pubblico,1,1,1,930
verde uffici pubblici,Teatro olimpico,Infrastrutture - Verde Pubblico,1,0,0,1496
